id;nom;prenom;mail
1;matrix;paradigms;Mandatory Practical Plastic
2;Practical compressing;Granite;Plastic Granite Designer
3;green Configuration;Small Loop;pink synthesize real-time
4;convergence Colorado;system-worthy copy Rial;Arizona Baby
5;Computers ivory;pixel Account synthesizing;Tasty
6;SAS Investor;IB collaborative;alarm Borders project
7;Re-contextualized intranet;Belize panel;Associate Fresh
8;Cambridgeshire platforms mesh;blockchains niches;customized
9;bluetooth;International Corners;Technician
10;Pizza modular violet;Engineer copy;Regional payment
