id;nom;prenom;mail;encadrant
1;EXE Account;deliverables;exploit back-end paradigms;Jewelery
2;Tasty;Dam Wooden red;algorithm;systems synergistic
3;invoice Solutions multi-byte;matrix Fresh backing;protocol Account;Central Territory
4;Generic turquoise;Rustic transmitting Communications;Tools;Herzegovina
5;navigating;Delaware hack;Sleek web-enabled;syndicate Reduced
6;Handmade circuit;Fish Licensed;Dinar Architect USB;Bedfordshire Junction
7;Synergized markets Kids;haptic Pants Market;Plastic generate generating;digital cross-platform Zimbabwe
8;wireless functionalities;firewall;didactic viral;benchmark Borders Intelligent
9;Security Agent fresh-thinking;Card Turkmenistan;Colon;Outdoors
10;Car;driver cross-platform Representative;microchip Ball methodical;Checking Sausages
